baselines,rmse,seeds
dag_gflownet,0.07699487955634908,5
dag_gflownet,0.02150407317686012,6
dag_gflownet,0.013763810850288206,7
dag_gflownet,0.04601727376435076,8
dag_gflownet,0.010625455025202202,9
