baselines,rmse,seeds
dag_gflownet,0.3189271362619899,10
dag_gflownet,0.11376476019530082,11
dag_gflownet,0.03973036668667806,12
dag_gflownet,0.1350977297970275,13
dag_gflownet,0.005247527516898236,14
