baselines,rmse,seeds
dag_gflownet,0.02612129343396857,15
dag_gflownet,0.14883201474808752,16
dag_gflownet,0.04885348403189061,17
dag_gflownet,0.3450085791452044,18
dag_gflownet,0.07254821145152435,19
