baselines,rmse,seeds
dag_gflownet,0.1925663699142657,20
dag_gflownet,0.01035348351385029,21
dag_gflownet,0.25229209196795965,22
dag_gflownet,1.0176136152882709,23
dag_gflownet,0.04545298955274715,24
