baselines,rmse,seeds
dibs,0.04472401445799813,20
dibs,0.01670031713289138,21
dibs,0.2877131067445369,22
dibs,0.0781611876261559,23
dibs,0.018727866074744113,24
