baselines,rmse,seeds
dibs,1.881464292355615,0
dibs,0.024077054790799114,1
dibs,0.8782708764315702,2
dibs,0.24518675075783877,3
dibs,0.002794592892356713,4
