baselines,rmse,seeds
dibs,0.6118500132352049,5
dibs,0.5801300444926046,6
dibs,0.23016582491254067,7
dibs,0.10108085279803575,8
dibs,0.04935610231934939,9
