baselines,rmse,seeds
dibs,0.010307560466477326,15
dibs,0.026743160018985853,16
dibs,0.12454547518736096,17
dibs,0.3485088888173896,18
dibs,0.026669799348074633,19
