baselines,rmse,seeds
dibs,0.20110418898816457,10
dibs,0.07914629098938246,11
dibs,0.3131028398156742,12
dibs,0.03821836155155754,13
dibs,0.03548903467674392,14
